{"train_loss": [0.34740344812370105, 0.012248442809297037, 0.009546027390232276, 0.0010319252011218591, 7.004805174152093e-05, 3.457759846371898e-05, 2.3038915979408816e-05, 2.3104041141713033e-05, 1.4273748336433658e-05, 1.005224475859125e-05, 9.308518665258296e-06, 8.506025138948253e-06, 6.510515581632197e-06, 5.809173713698458e-06, 5.083817826191859e-06, 4.500320602167968e-06, 3.4490704605007393e-06, 3.3323041478183767e-06, 3.0466631449550213e-06, 3.1976232520491975e-06, 2.313074245868003e-06, 4.889225825926197e-06, 2.94638330962422e-06, 1.8211498272080461e-06, 3.456978836473874e-06, 1.8693521287868212e-06, 2.0680404462426947e-06, 1.286371491663171e-06, 1.2966305463229284e-06, 1.3967117414637186e-06, 9.362726657207483e-07, 6.927259921241102e-07, 1.283194676712388e-06, 7.355885599175898e-07, 5.713917209604346e-07, 8.905195725970673e-07, 4.557290680305494e-07, 6.149949515358141e-07, 7.162187289641179e-07, 5.027721878634951e-07, 8.102801445253327e-07, 4.4454740318571647e-07, 4.2680338910543776e-07, 2.9027681540354827e-07, 2.874532085837624e-07, 2.689068899537033e-07, 2.782469825276682e-07, 2.2958037626688974e-07, 3.7363343075501123e-07, 1.6651943509637946e-07], "val_loss": [0.005835008109404173, 0.008129486990427332, 0.00016364494305370108, 1.0409610396371655e-05, 4.226745613777894e-06, 2.4753756601317685e-06, 1.6221941206952448e-06, 1.0933141863590987e-06, 7.608083121470242e-07, 5.942355666580365e-07, 4.4894990115348525e-07, 3.514540322515001e-07, 2.673691162564345e-07, 2.0797747635827235e-07, 1.669993289559508e-07, 1.2378600240075294e-07, 1.0281796351461837e-07, 8.493658424210285e-08, 6.971612128227532e-08, 5.513428017625951e-08, 4.37455393306355e-08, 6.386206052866328e-08, 4.246828775628891e-08, 2.511909202545277e-08, 1.766851429607641e-08, 1.1708052045327529e-08, 8.72782030774439e-09, 7.024831211970601e-09, 5.747589451995541e-09, 4.151036866620724e-09, 3.7252896640487573e-09, 3.4059790797259992e-09, 2.5544843827520122e-09, 1.915863353677391e-09, 1.7029896540573679e-09, 1.4901159354049502e-09, 1.1708053891469815e-09, 1.1708053891469815e-09, 1.0643685425090357e-09, 1.0643685425090357e-09, 9.579316831828269e-10, 7.450579899069355e-10, 4.2574743730483533e-10, 4.2574743730483533e-10, 4.2574743730483533e-10, 4.2574743730483533e-10, 6.386211305807267e-10, 6.386211305807267e-10, 1.1708053003291395e-09, 8.514948111683549e-10], "val_acc": [0.9982142857142857, 0.9982142857142857, 1.0, 1.0, 1.0, 1.0, 1.0, 1.0, 1.0, 1.0, 1.0, 1.0, 1.0, 1.0, 1.0, 1.0, 1.0, 1.0, 1.0, 1.0, 1.0, 1.0, 1.0, 1.0, 1.0, 1.0, 1.0, 1.0, 1.0, 1.0, 1.0, 1.0, 1.0, 1.0, 1.0, 1.0, 1.0, 1.0, 1.0, 1.0, 1.0, 1.0, 1.0, 1.0, 1.0, 1.0, 1.0, 1.0, 1.0, 1.0]}