{"train_loss": [0.7567634321416595, 0.011224697148593674, 0.00043350806402356416, 0.0001661090429999084, 7.317338156878708e-05, 5.092094956710623e-05, 3.800636284592786e-05, 2.849397069439874e-05, 2.412609072734995e-05, 2.264045491529032e-05, 1.5141418258833385e-05, 1.1966619919283923e-05, 1.0235950777216983e-05, 8.173520353287651e-06, 8.443411326197748e-06, 8.402519387118446e-06, 0.0002808220530949614, 5.550449089599039e-06, 5.195552518395224e-06, 4.99015251368259e-06, 3.557414994962268e-06, 3.703490169877049e-06, 3.7954693350375885e-06, 0.0003711435693010198, 3.5894134664918706e-06, 3.5787402381970425e-06, 3.5940284656175794e-06, 3.4848694359165427e-06, 3.1929641784651202e-06, 3.606663235546291e-06], "val_loss": [0.04045567834483726, 0.0012150540960387194, 9.86485423969238e-05, 8.572935060198818e-05, 3.7963833152129415e-05, 4.603169745678315e-05, 7.285796223186481e-05, 1.9191843706981412e-05, 2.1469461320780933e-05, 4.649296225319891e-05, 2.6936337820058854e-05, 7.979555844680622e-06, 2.8535216594199092e-05, 2.0940041016664118e-05, 2.1366533038807184e-05, 2.5104872941028587e-05, 5.46626728074833e-06, 4.575206831499859e-06, 4.075880244564749e-06, 2.794403937806627e-06, 2.579415912253223e-06, 2.932533050170605e-06, 2.816049428133738e-06, 6.993686419523978e-06, 4.448315968375027e-06, 3.7593588038881925e-06, 3.306904680552439e-06, 3.1586065672075035e-06, 3.0593161649708885e-06, 3.0334827800158692e-06], "val_acc": [0.9910714285714286, 0.9991071428571429, 1.0, 1.0, 1.0, 1.0, 1.0, 1.0, 1.0, 1.0, 1.0, 1.0, 1.0, 1.0, 1.0, 1.0, 1.0, 1.0, 1.0, 1.0, 1.0, 1.0, 1.0, 1.0, 1.0, 1.0, 1.0, 1.0, 1.0, 1.0]}