{"train_loss": [1.9529401872839247, 1.9502509917531694, 1.9512467886720384, 1.9496870756149292, 1.9486619319234575, 1.9482048749923706, 1.9487649381160737, 1.9471852328096118, 1.946521989788328, 1.9473575515406472, 1.9463700158255441, 1.9467365069048745, 1.9466240022863661, 1.946491951601846, 1.9466191376958575, 1.9467986958367485, 1.9469717945371354, 1.9460456320217678, 1.9466671620096478, 1.9466926651341574, 1.9459707353796278, 1.9466378969805582, 1.9458095354693277, 1.9462502981935228, 1.9458709282534463, 1.9465400397777557, 1.9460525606359755, 1.9459170741694314, 1.9462529795510428, 1.9459649043423788], "val_loss": [1.9512996775763376, 1.9468616008758546, 1.9471532617296492, 1.9481843164988926, 1.9475189753941127, 1.947450167792184, 1.9464103392192296, 1.9464052881513323, 1.9462184633527484, 1.9461091109684536, 1.9460893324443271, 1.946107176371983, 1.9463343450001307, 1.9460968426295688, 1.9462151493344988, 1.9461838722229003, 1.9460759367261613, 1.9460872547967094, 1.946069005557469, 1.946091672352382, 1.94616140297481, 1.946112881387983, 1.9460673911230906, 1.9460763692855836, 1.9460756267820085, 1.9460832834243775, 1.9460871934890747, 1.9460896423884801, 1.9460918119975499, 1.94609203679221], "val_acc": [0.14285714285714285, 0.14285714285714285, 0.14285714285714285, 0.14285714285714285, 0.14285714285714285, 0.13482142857142856, 0.1419642857142857, 0.14375, 0.14285714285714285, 0.12321428571428572, 0.14285714285714285, 0.1392857142857143, 0.14285714285714285, 0.14285714285714285, 0.14285714285714285, 0.14285714285714285, 0.14285714285714285, 0.14017857142857143, 0.14285714285714285, 0.14285714285714285, 0.14285714285714285, 0.14285714285714285, 0.14285714285714285, 0.14285714285714285, 0.1419642857142857, 0.1419642857142857, 0.14285714285714285, 0.14285714285714285, 0.14285714285714285, 0.14285714285714285]}